species_common_name,species_botanical_name,hort_code
fir spp.,abies spp.,
pacific silver fir,abies amabilis,
balsam fir,abies balsamea,ABBA
bristlecone fir,abies bracteata,
white fir,abies concolor,ABCO
fraser fir,abies fraseri,
grand fir,abies grandis,
corkbark fir,abies lasiocarpa var. arizonic,
subalpine fir,abies lasiocarpa,
california red fir,abies magnifica var. magnifica,
shasta red fir,abies magnifica var. shastensi,
noble fir,abies procera,
port-orford-cedar,chamaecyparis lawsoniana,CHLA
alaska yellow-cedar,chamaecyparis nootkatensis,CHNO
atlantic white-cedar,chamaecyparis thyoides,
cypress spp.,cupressus spp.,
arizona cypress,cupressus arizonica,
baker cypress,cupressus bakeri,
tecate cypress,cupressus forbesii,
monterey cypress,cupressus macrocarpa,
sargent cypress,cupressus sargentii,
juniper spp.,juniperus spp.,
pinchot juniper,juniperus pinchotii,
redberry juniper,juniperus erythrocarpa,
ashe juniper,juniperus ashei,
california juniper,juniperus californica,
alligator juniper,juniperus deppeana,
western juniper,juniperus occidentalis,
utah juniper,juniperus osteosperma,
rocky mountain juniper,juniperus scopulorum,JUSC
southern redcedar,juniperus silicicola,JUSI
eastern redcedar,juniperus virginiana,JUVI
oneseed juniper,juniperus monosperma,
larch spp.,larix spp.,
tamarack,larix laricina,LALA
subalpine larch,larix lyallii,
western larch,larix occidentalis,
incense-cedar,libocedrus decurrens,
spruce spp.,picea spp.,PI1
norway spruce,picea abies,PI1AB
engelmann spruce,picea engelmannii,
white spruce,picea glauca,PI1GL1
black spruce,picea mariana,
blue spruce,picea pungens,PI1PU
red spruce,picea rubens,
sitka spruce,picea sitchensis,
lutz spruce,picea glauca var. sitchensis,
pine spp.,pinus spp.,PI2
whitebark pine,pinus albicaulis,
bristlecone pine,pinus aristata,
knobcone pine,pinus attenuata,
foxtail pine,pinus balfouriana,
jack pine,pinus banksiana,
common pinyon,pinus edulis,
sand pine,pinus clausa,
lodgepole pine,pinus contorta,
coulter pine,pinus coulteri,
shortleaf pine,pinus echinata,
slash pine,pinus elliottii,
apache pine,pinus engelmannii,
southwestern white pine,pinus strobiformis,PI2STRO
spruce pine,pinus glabra,
jeffrey pine,pinus jeffreyi,
sugar pine,pinus lambertiana,
chihuahuan pine,pinus leiophylla,
western white pine,pinus monticola,
bishop pine,pinus muricata,
longleaf pine,pinus palustris,
ponderosa pine,pinus ponderosa,
table mountain pine,pinus pungens,
monterey pine,pinus radiata,
red pine,pinus resinosa,PI2RE
pitch pine,pinus rigida,
grey pine,pinus sabiniana,
pond pine,pinus serotina,
eastern white pine,pinus strobus,PI2ST
scotch pine,pinus sylvestris,PI2SY
loblolly pine,pinus taeda,
virginia pine,pinus virginiana,
singleleaf pinyon,pinus monophylla,
border pinyon,pinus discolor,
arizona pine,pinus ponderosa var. arizonica,
austrian pine,pinus nigra,PI2NI
washoe pine,pinus washoensis,
four-needle pine,pinus quadrifolia,
torrey pine,pinus torreyana,
mexican pinyon pine,pinus cembroides,
bigcone douglas-fir,pseudotsuga macrocarpa,
douglas-fir,pseudotsuga menziesii,
redwood,sequoia sempervirens,
giant sequoia,sequoiadendron giganteum,SEGI
baldcypress,taxodium distichum,TADI
montezuma cypress,taxodium mucronatum,TAMU
pondcypress,taxodium distichum var. nutans,
pacific yew,taxus brevifolia,
northern white-cedar,thuja occidentalis,THOC
western redcedar,thuja plicata,THPL
california torreya,torreya californica,
hemlock spp.,tsuga spp.,
eastern hemlock,tsuga canadensis,TSCA
carolina hemlock,tsuga caroliniana,
western hemlock,tsuga heterophylla,
mountain hemlock,tsuga mertensiana,
maple spp.,acer spp.,ac
florida maple,acer barbatum,
bigleaf maple,acer macrophyllum,
boxelder,acer negundo,acne
black maple,acer nigrum,ACNI
striped maple,acer pensylvanicum,ACPE
red maple,acer rubrum,ACRU
silver maple,acer saccharinum,ACSA1
sugar maple,acer saccharum,ACSA2
mountain maple,acer spicatum,
rocky mountain maple,acer glabrum,
Gingerbread,acer griseum x maximowiczianum,ACGR2GI
bigtooth maple,acer grandidentatum,ACGR1RO
buckeye spp.,aesculus spp.,ae
texas buckeye,aesculus glabra var. arguta,AEGLAR
horsechestnut,aesculus glabra,AEGL
california buckeye,aesculus californica,
ailanthus,ailanthus altissima,AIAL
red alder,alnus rubra,
white alder,alnus rhombifolia,
european alder,alnus glutinosa,ALGL
serviceberry,amelanchier arborea,
pacific madrone,arbutus menziesii,
pawpaw,asimina triloba,ASTR
birch spp.,betula spp.,
yellow birch,betula alleghaniensis,BEAL
sweet birch,betula lenta,BELE
river birch,betula nigra,BENI
paper birch,betula papyrifera,BEPA
western paper birch,betula papyrifera var. commutat,
alaska paper birch,betula papyrifera var. neoalask,
northwestern paper birch,betula papyrifera var. subcorda,
gray birch,betula populifolia,BEPO
chittamwood,bumelia lanuginosa,
american hornbeam,carpinus caroliniana,CACA
hickory spp.,carya spp.,CA
water hickory,carya aquatica,
bitternut hickory,carya cordiformis,CACO
pignut hickory,carya glabra,CAGL
pecan,carya illinoensis,
shellbark hickory,carya laciniosa,
shagbark hickory,carya ovata,CAOV
black hickory,carya texana,CATE
mockernut hickory,carya tomentosa,
american chestnut,castanea dentata,
allegheny chinkapin,castanea pumila,
ozark chinkapin,castanea ozarkensis,
golden chinkapin,castanopsis chrysophylla,
catalpa spp.,catalpa spp.,
southern catalpa,catalpa bignonioides,CABI
northern catalpa,catalpa speciosa,CASP
hackberry spp.,celtis spp.,
sugarberry,celtis laevigata,CELA
common hackberry,celtis occidentalis,CEOC
netleaf hackberry,celtis reticulata,CERE
eastern redbud,cercis canadensis,CECA
curlleaf mountain-mahogany,cercocarpus ledifolius,
alderleaf mountain-mahogany,cercocarpus montanus,
hairy mountain-mahogany,cercocarpus breviflorus,
yellowwood cladrastis,cladrastis kentukea,
flowering dogwood,cornus florida,CO1FL
pacific dogwood,cornus nuttallii,
hawthorn spp.,crataegus spp.,CR
cockspur hawthorn,crataegus crus-galli,CRCR
downy hawthorn,crataegus mollis,CRMO1
eucalyptus spp.,eucalyptus spp.,
common persimmon,diospyros virginiana,DIVI
american beech,fagus grandifolia,FAGR
ash spp.,fraxinus spp.,FR
white ash,fraxinus americana,FRAM
oregon ash,fraxinus latifolia,
black ash,fraxinus nigra,FRNI
green ash,fraxinus pennsylvanica,FRPE
pumpkin ash,fraxinus profunda,
blue ash,fraxinus quadrangulata,FRQU
velvet ash,fraxinus velutina,
waterlocust,gleditsia aquatica,
honey locust,gleditsia triacanthos,GLTR
loblolly-bay,gordonia lasianthus,
kentucky coffeetree,gymnocladus dioicus,GYDI
silverbell spp.,halesia spp.,
american holly,ilex opaca,
walnut spp.,juglans spp.,
butternut,juglans cinerea,JUCI
black walnut,juglans nigra,JUNI
california black walnut,juglans hindsii,
southern california black wal,juglans californica,
texas walnut,juglans microcarpa,
yellow-poplar,liriodendron tulipifera,LITU
tanoak,lithocarpus densiflorus,
osage orange,maclura pomifera,MAPO
magnolia spp.,magnolia spp.,MA3
cucumbertree,magnolia acuminata,MA3AC
southern magnolia,magnolia grandiflora,MA3GR
whitebark magnolia,magnolia hypoleuca,MA3HY
sweetbay,magnolia virginiana,MA3VI
bigleaf magnolia,magnolia macrophylla,
apple spp.,malus spp.,MA2
oregon crabapple,malus fusca,
mulberry spp.,morus spp.,MO
white mulberry,morus alba,MOAL
red mulberry,morus rubra,
water tupelo,nyssa aquatica,
ogeechee tupelo,nyssa ogeche,
black tupelo,nyssa sylvatica,NYSY
swamp tupelo,nyssa sylvatica var. biflora,
"eastern hophornbeam, ironwood",ostrya virginiana,OSVI
sourwood,oxydendrum arboreum,
"paulownia, empress-tree",paulownia tomentosa,
yellow paloverde,parkinsonia microphylla,
blue paloverde,parkinsonia florida,
jerusalem thorn,parkinsonia aculeata,
redbay,persea borbonia,
"water elm, planer tree",planera acquatica,
california sycamore,platanus californica,
sycamore,platanus occidentalis,PLOC
poplar spp.,populus spp.,
balsam popular,populus balsamifera,
eastern cottonwood,populus deltoides,PODE
bigtooth aspen,populus grandidentata,POGR
swamp cottonwood,populus heterophylla,
plains cottonwood,populus sargentii,
European aspen,populus tremula,
quaking aspen,populus tremuloides,POTR2
black cottonwood,populus trichocarpa,
fremont poplar,populus fremontii,
narrowleaf cottonwood,populus angustifolia,
silver poplar,populus alba,POAL
mesquite spp.,prosopis spp.,
western honey mesquite,prosopis glandulosa var. torreyana,
velvet mesquite,prosposis velutina var. velutina,
screwbean mesquite,prosopis pubescens,
plum spp.,prunus spp.,PR
pin cherry,prunus pensylvanica,
black cherry,prunus serotina,PRSE1
chokecherry,prunus virginiana,PRVIEA
canada plum,prunus nigra,PRNI
american plum,prunus americana,
bitter cherry,prunus emarginata,
oak spp.,quercus spp.,QU
coast live oak,quercus agrifolia,
white oak,quercus alba,QUAL
arizona white oak,quercus arizonica,
swamp white oak,quercus bicolor,QUBI
canyon live oak,quercus chrysolepis,
scarlet oak,quercus coccinea,QUCO
blue oak,quercus douglasii,
durand oak,quercus durandii,
northern pin oak,quercus ellipsoidalis,
emory oak,quercus emoryi,
engelmann oak,quercus engelmannii,
cherrybark oak,quercus pagoda,
gambel oak,quercus gambelii,
oregon white oak,quercus garryana,
bear oak,quercus ilicifolia,
shingle oak,quercus imbricaria,QUIM
california black oak,quercus kelloggii,
turkey oak,quercus laevis,
laurel oak,quercus laurifolia,QULA2
valley oak,quercus lobata,
overcup oak,quercus lyrata,QULY
bur oak,quercus macrocarpa,QUMA1
blackjack oak,quercus marilandica,QUMA2
swamp chestnut oak,quercus michauxii,
chinkapin oak,quercus muehlenbergii,QUMU
water oak,quercus nigra,
nuttall oak,quercus nuttallii,
mexican blue oak,quercus oblongifolia,
pin oak,quercus palustris,QUPA
willow oak,quercus phellos,QUPH
chestnut oak,quercus prinus,QUPR
northern red oak,quercus rubra,QURU
shumard oak,quercus shumardii,QUSH
post oak,quercus stellata,QUST
delta post oak,quercus stellata var. mississipp,
black oak,quercus velutina,QUVE
live oak,quercus virginiana,
bebb's oak,quercus bebbiana,QUXBE
interior live oak,quercus wislizeni,
dwarf post oak,quercus stellata var. stellata,
dwarf live oak,quercus minima,
bluejack oak,quercus incana,
silverleaf oak,quercus hypoleucoides,
evergreen oak,quercus ilex,
black locust,robinia pseudoacacia,ROPS
new mexico locust,robinia neomexicana,
soapberry,sapindus drummondii,
willow spp.,salix spp.,
peachleaf willow,salix amygdaloides,
black willow,salix nigra,SANI
scouler willow,salix scoulerana,
white willow,salix alba,
sassafras,sassafras albidum,SAAL
american mountain-ash,sorbus americana,SOAM
european mountain-ash,sorbus aucuparia,
basswood spp.,tilia spp.,TI
american basswood,tilia americana,TIAM
white basswood,tilia heterophylla,TIHE
elm spp.,ulmus spp.,UL
winged elm,ulmus alata,
american elm,ulmus americana,ULAM
cedar elm,ulmus crassifolia,
siberian elm,ulmus pumila,ULPU
slippery elm,ulmus rubra,ULRU
september elm,ulmus serotina,
rock elm,ulmus thomasii,
tesota,olneya tesota,
saltcedar spp.,tamarix spp.,
chinaberry,melia azedarach,
chinese tallowtree,sapium sebiferum,
tung-oil-tree,aleurites fordii,
american smoketree,cotinus obovatus,CO4OB
tree cotoneaster,cotoneaster frigidus,CO3FR
russian-olive,elaeagnus angustifolia,ELAN
trident maple,acer buergerianum,ACBU
hedge maple,acer campestre,ACCA
paperbark maple,acer griseum,
japanese maple,acer palmatum,ACPA
norway maple,acer platanoides,ACPL
tatarian maple,acer tataricum,ACTA
freeman maple,acer freemanii,ACFR
persian silk tree,albizia julibrissin,ALJU
serviceberry spp.,amelanchier spp.,AM
hardy pecan,carya illinoinensis,CAIL
chinese chestnut,castanea mollissima,
deodar cedar,cedrus deodara,
gray dogwood,cornus racemosa,CO1RA
dogwood spp.,cornus spp.,
smoketree,cotinus coggygria,
japanese cedar,cryptomeria japonica,
maidenhair fern,adiantum capillus-veneris,
chinese holly,ilex cornuta,ILCOMB
holly spp.,ilex spp.,
foster holly,ilex attenuata-fosteri,
bougainvillea golden raintree,koelreuteria bipinnata,
golden rain tree,koelreuteria paniculata,KOPA
crape myrtle,lagerstroemia indica,
star magnolia,magnolia stellata,MA3ST
dawn redwood,metasequoia glyptostroboides,MEGL
persian ironwood,parrotia persica,PAPE
photinia spp.,photinia spp.,
chinese pistachio,pistacia chinensis,
london planetree,platanus acerifolia,PLAC
Carolina Laurel Cherry,prunus caroliniana,
peach,prunus persica,PRPE2
yoshino cherry,prunus yedoensis,PRXYE
callery pear,pyrus calleryana,PYCA
sawtooth oak,quercus acutissima,QUAC
southern red oak,quercus falcata,
nuttall oak oaks,quercus texana,
american snowbell,styrax americanus,
pond cypress,taxodium ascendens,TAAS
littleleaf linden,tilia cordata,TICO
leyland cypress,cupressocyparis leylandii,
Konara Oak,quercus serrata,QUGL
japanese zelkova,zelkova serrata,ZESE
zelkova spp.,zelkova spp.,
chinese zelkova,zelkova sinica,
wright acacia,senegalia wrightii,
afghan pine,pinus eldarica,
american sweetgum,liquidambar styraciflua,LIST
anacacho orchid tree,bauhinia lunarioides,
anacua,ehretia anacua,
arborvitae spp.,thuja spp.,
arroyo sweetwood,myrospermum sousanum,
avocado,persea americana,
bank catclaw,acacia redolens,
bastard oak,quercus sinuata,QUAU
bastard white oak,quercus austrina,
bay laurel,laurus nobilis,
beaked yucca,yucca rostrata,
bronze loquat,eriobotrya deflexa,
gum bumelia,sideroxylon lanuginosum,
california fan palm,washingtonia filifera,
canary island date palm,phoenix canariensis,
canby oak,quercus canbyi,
cape cheesewood,pittosporum viridiflorum,
carolina buckthorn,rhamnus caroliniana,
cedar spp.,cedrus spp.,
chaste tree,vitex agnus-castus,
cherry plum,prunus cerasifera,PRCE
chilean mesquite,prosopis chilensis,
chinese elm,ulmus parvifolia,ULPA
chinese fringetree,chionanthus retusus,CHRE
chinese parasol tree,firmiana simplex,
chinese photinia,photinia serratifolia,
chinese privet,ligustrum sinense,
chinese tallow,triadica sebifera,
chisos red oak,quercus gravesii,
chitalpa,chitalpa tashkentensis,
common pricklyash,zanthoxylum americanum,
winterberry,ilex verticillata,
bluewood condalia,condalia hookeri,
cork oak,quercus suber,
desert willow,chilopsis linearis,
devils walkingstick,aralia spinosa,
eastern wax myrtle,morella cerifera,
edible fig,ficus carica,
Japanese medlar,eriobotrya japonica,
edible pear,pyrus communis,PYCO
escarpment black cherry,prunus serotina var. eximia,
escarpment live oak,quercus fusiformis,
eve's necklace,styphnolobium affine,
evergreen sumac,rhus virens,
false willow,baccharis neglecta,
ficus spp.,ficus spp.,
scarlet firethorn,pyracantha coccinea,
flamegold rain tree,koelreuteria elegans,
frontier elm,ulmus carpinifolia x parvifolia,ULXFR
maidenhair tree,ginkgo biloba,GIBI
glossy privet,ligustrum lucidum,
goldenball leadtree,leucaena retusa,
grapefruit,citrus paradisi,
guadalupe palm,brahea edulis,
yaupon holly,ilex vomitoria,
indian hawthorn,rhaphiolepis indica,
italian cypress,cupressus sempervirens,
italian stone pine,pinus pinea,
japanese bitter orange,poincirus trifoliata,
japanese black pine,pinus thunbergii,
japanese persimmon,diospyros kaki,
japanese privet,ligustrum japonicum,
japanese yew,taxus cuspidata,
lacey oak,quercus laceyi,
lemon,citrus limon,
mediterranean fan palm,chamaerops humilis,
mexican ash,fraxinus berlandieriana,
mexican buckeye,ungnadia speciosa,
mexican fan palm,washingtonia robusta,
mexican oak,quercus germana,
mexican plum,prunus mexicana,
mexican redbud,cercis canadensis var. mexicana,
mexican palmetto,sabal mexicana,
mexican sycamore,platanus mexicana,
mexican white oak,quercus polymorpha,
japanese pittosporum,pittosporum tobira,
northern mountain ash,sorbus decora,
texas redbud,cercis canadensis var. texensis,
oleander,nerium oleander,
oriental arborvitae,platycladus orientalis,
palm spp.,arecaceae spp.,
paper mulberry,broussonetia papyrifera,
jelly palm,butia capitata,
pomegranate,punica granatum,
possumhaw,ilex decidua,
prairie sumac,rhus lanceolata,
lime pricklyash,zanthoxylum fagara,
privet spp.,ligustrum spp.,LISP
texas red oak,quercus buckleyi,
red tip photinia,photinia fraseri,
redbud spp.,cercis spp.,
rose of sharon,hibiscus syriacus,HISY
roughleaf dogwood,cornus drummondii,
rusty blackhaw,viburnum rufidulum,VIRU
yellowhorn,xanthoceras sorbifolium,XASO
shantung maple,acer truncatum,ACTR
gray oak,quercus grisea,
shoestring acacia,acacia stenophylla,
smooth sumac,rhus glabra,RHGL
sumac spp.,rhus spp.,
sweet acacia,vachellia farnesiana,
sycamore spp.,platanus spp.,
texas ash,fraxinus texensis,
texas kidneywood,eysenhardtia texana,
texas madrone,arbutus xalapensis,
texas mountain laurel,dermatophyllum secundiflorum,
texas mulberry,morus microphylla,
anacahuita,cordia boissieri,
texas paloverde,parkinsonia texana,
texas persimmon,diospyros texana,
texas pistachio,pistacia texana,
southern wax myrtle,myrica cerifera,
weeping bottlebrush,callistemon viminalis,
weeping willow,salix babylonica,SAWE
western soapberry,sapindus saponaria,
bigelow oak,quercus sinuata var. breviloba,
windmill palm,trachycarpus fortunei,
yew pine,podocarpus macrophyllus,
miyabe maple,acer miyabei,ACMIST
sycamore maple,acer pseudoplatanus,
amur maple,acer ginnala,ACGI
shantung x norway maple,acer truncatum x platanoides,ACTRP
horse chestnut,aesculus hippocastanum,AEHI
red horse-chestnut,aesculus carnea,AECA
canadian serviceberry,amelanchier canadensis,AMCA
allegheny serviceberry,amelanchier laevis,AMLA
european white birch,betula pendula,BEPE
european hornbeam,carpinus betulus,CABE
katsura,cercidiphyllum japonicum,CEJA
white eastern redbud,cercis canadensis var. alba,
kousa dogwood,cornus kousa,CO1KO
hazel spp.,corylus spp.,
turkish hazel,corylus colurna,CO2CO
english hawthorn,crataegus laevigata,
washington hawthorn,crataegus phaenopyrum,CRPH
hardy rubber tree,eucommia ulmoides,EUUL
eastern wahoo,euonymus atropurpureus,EUAT
european beech,fagus sylvatica,FASY
narrow-leafed ash,fraxinus angustifolia,
carolina silverbell,halesia carolina,
vernal witch hazel,hamamelis vernalis,HAVE
chinese witch hazel,hamamelis mollis,HAMO
common witch hazel,hamamelis virginiana,HAVI
hydrangea spp.,hydrangea spp.,
common laburnum,laburnum anagyroides,LA1AN
amur maackia,maackia amurensis,MAAM
jade lily,magnolia denudata,
saucer magnolia,magnolia soulangeana,MA3SO
golden raindrops crabapple,malus transitoria,MA2GR
flowering crabapple ,malus jfs-kw5,
sugar tyme crabapple,malus sutyzam,
paradise apple,malus pumila,
royal raindrops crabapple,malus royal raindrops,MA2RR
madonna crabapple,malus madonna,MA2MA
lollipop crabapple,malus lollipop,MA2LO
van eseltine crabapple,malus van eseltine,MA2VE
velvelt pillar crabapple,malus velvet pillar,MA2VP
snowdrift crabapple,malus snowdrift,MA2SD
amur cork tree,phellodendron amurense,PHAM
Sakhalin cork tree,phellodendron sachilanense,PHSA
swiss mountain pine,pinus mugo,PI2MU
wild cherry,prunus avium,
manchurian cherry,prunus maackii,
bird cherry,prunus padus,PRPA
weeping cherry,prunus pendula,
sargent cherry,prunus sargentii,PRSA
japanese flowering cherry,prunus serrulata,PRSE
higan cherry,prunus subhirtella,PRSU
purple-leaf sand cherry,prunus cistena,
okame cherry,prunus incam,PRXOK
pear spp.,pyrus spp.,
manchurian pear,pyrus ussuriensis,PYUS
english oak,quercus robur,QURO
schuette's oak,quercus schuettei,
ware's oak,quercus warei,
common buckthorn,rhamnus cathartica,
rose-gold pussy willow,salix gracilistyla,
american elder,sambucus canadensis,
chinese tree lilac,syringa pekinensis,SYPE
japanese tree lilac ,syringa reticulata,SYRE
Korean Evodia,tetradium daniellii,EVDA
yew spp.,taxus spp.,TA
broad-leaved linden,tilia platyphyllos,TIPL
silver linden,tilia tomentosa,TITO
pioneer elm,ulmus hollandica,ULXPI
english elm,ulmus procera,ULPR
prospector elm,ulmus wilsoniana,ULWI
viburnum spp.,viburnum spp.,
yellow buckeye,aesculus flava,AEFL
gray alder,alnus incana,
alnus spp.,alnus spp.,
water birch,betula occidentalis,
incense cedar,calocedrus decurrens,
siberian pea tree,caragana arborescens,CAAR
carpinus spp.,carpinus spp.,
cercocarpus spp.,cercocarpus spp.,
chamaecyparis spp.,chamaecyparis spp.,
cornelian cherry,cornus mas,CO1MA
russian hawthorn ,crataegus ambigua,
common hawthorn,crataegus monogyna,
green hawthorn,crataegus viridis,CRVI
spindletree spp.,euonymus spp.,
european ash,fraxinus excelsior,FREX
manchurian ash,fraxinus mandshurica,
english walnut,juglans regia,JURE
chinese juniper,juniperus chinensis,JUCH
golden chain tree,laburnum watereri,LA1WA
european larch,larix decidua,LADE
hybrid girl magnolia,magnolia liliiflora x stellata,
prairie crabapple,malus ioensis,
european crab apple,malus sylvestris,MA2SY
pillar apple,malus tschonoskii,
serbian spruce,picea omorika,PI1OM
lacebark pine,pinus bungeana,
japanese red pine,pinus densiflora,
limber pine,pinus flexilis,PI2FL
bosnian pine,pinus heldreichii,
oriental planetree,platanus orientalis,
lanceleaf cottonwood,populus acuminata,
black poplar,populus nigra,PONI
dwarf apricot,prunus armeniaca,
sour cherry,prunus cerasus,
european plum,prunus domestica,
sand cherry,prunus pumila,
hop tree,ptelea trifoliata,PTTR
bur-gambel oak,quercus mazei,
wavyleaved oak,quercus undulata,
buckthorn spp.,rhamnus spp.,
staghorn sumac,rhus typhina,
pussy willow,salix discolor,
crack willow,salix fragilis,
corkscrew willow,salix matsudana,SAMATO
rowan spp.,sorbus spp.,
japanese pagoda tree ,styphnolobium japonicum,SOJA
common lilac,syringa vulgaris,
viridis yew,taxus media viridis,TAXMV
english yew,taxus baccata,
david elm,ulmus davidiana,
scotch elm,ulmus glabra,
emerald sunshine elm,ulmus propinqua,
lilac spp.,syringa spp.,
cappadocian maple,acer cappadocicum,
red buckeye,aesculus pavia,AEPA
saskatoon serviceberry,amelanchier alnifolia,
apple serviceberry,amelanchier grandiflora,AMGR
indian paper birch,betula jacquemontii,
asian white birch,betula platyphylla,
sawara cypress,chamaecyparis pisifera,
fringetree,chionanthus virginicus,CHVI
american yellowwood,cladrastis lutea,CLKE
celestial dogwood,cornus rutgersensis,
hybrid dogwood,cornus florida x kousa,CO1FLX
smoketree spp.,cotinus spp.,
european spindletree,euonymus europaeus,
franklin tree,franklinia alatamaha,FR1AL
beech spp.,fagus spp.,FA
weeping beech,fagus sylvatica pendula,
mountain silverbell,halesia tetraptera,HATEAP
hybrid witch hazel,hamamelis intermedia,
formosa sweetgum,liquidambar formosana,
harvest gold crabapple,malus harvest gold,MA2HG
donald wyman flowering crabapple,malus donald wyman,
pink flowering crabapple,malus pink flowering,
prairifire flowering crabapple,malus prairifire,MA2PF
purple prince flowering crabapple,malus purple prince,
red barron flowering crabapple,malus red barron,
red jewel crabapple,malus red jewel,
red splendor crabapple,malus red splendor,
pink spires crabapple,malus pink spires,
adirondack crabapple ,malus adirondack,
siberian crabapple,malus baccata,
apple,malus domestica,
spring snow crabapple,malus spring snow,
japanese plum,prunus salicina,
heritage oak,quercus macdanielii,
korean mountain ash,sorbus alnifolia,
oakleaf mountain ash,sorbus hybrida,
swedish whitebeam,sorbus intermedia,
caucasian linden,tilia euchlora,TIXEU
european linden,tilia europaea,
smooth-leaf elm,ulmus carpinifolia,ULCA
commendation elm,ulmus commendation,
japanese elm,ulmus davidiana var. japonica,
homestead elm,ulmus homestead,ULXHO
thornhill elm,ulmus japonica x wilsoniana,ULXAC
new horizon elm,ulmus new horizon,
triumph elm,ulmus triumph,ULXTR
nannyberry,viburnum lentago,
black haw,viburnum prunifolium,VIPR
manchurian alder,alnus hirsuta,
barberry spp.,berberis spp.,
pygmy peashrub,caragana pygmaea,
alternate-leaf dogwood,cornus alternifolia,CO1AL
red osier dogwood,cornus sericea,
hedge cotoneaster,cotoneaster lucidus,
cotoneaster spp.,cotoneaster spp.,
morden hawthorn,crataegus mordenensis,
fleshy hawthorn,crataegus succulenta,
silverberry,elaeagnus commutata,
winged spindle tree,euonymus alatus,
golden bell spp.,forsythia spp.,
common seabuckthorn,hippophae rhamnoides,
smooth hydrangea,hydrangea  arborescens,
panicle hydrangea,hydrangea  paniculata,
common juniper,juniperus communis,JUCO
creeping juniper,juniperus horizontalis,
savin juniper,juniperus sabina,
siberian larch,larix sibirica,LASI
blue honeysuckle,lonicera caerulea,
honeysuckle,lonicera spp.,
tatarian honeysuckle,lonicera tatarica,
gladiator crabapple,malus adstringens,
virginia creeper,parthenocissus quinquefolia,
mock orange,philadelphus lewisii,
ninebark,physocarpus opulifolius,
ninebark spp.,physocarpus spp.,
englemann spruce,picea englemannii,
swiss stone pin,pinus cembra,
mountain pine,pinus uncinata,
grey poplar,populus canescens,
balm-of-gilead,populus jackii,
russian poplar,populus petrowskyana,
tristis poplar,populus tristis,
cinquefoil spp.,potentilla spp.,
cherry prinsepia,prinsepia sinensis,
western sand cherry,prunus pumila var. besseyi,
muckle plum,prunus nigrella,
dwarf russian almond,prunus tenella,
downy cherry,prunus tomentosa,
flowering almond,prunus triloba,
two worlds oak,quercus bimundorum,
alpine currant,ribes alpinum,
golden currant,ribes aureum,
currant spp.,ribes spp.,
gooseberry,ribes uva-crispa var. reclinatum,
rose spp.,rosa spp.,
berry spp.,rubus spp.,
bay willow,salix pentandra,
purple osier,salix purpurea,
elder spp.,sambucus spp.,
silver buffaloberry,shepherdia argentea,
canadian buffaloberry,shepherdia canadensis,
false spiraea,sorbaria sorbifolia,
meadowsweet spp.,spiraea spp.,
snowberry,symphoricarpos albus,
mexican snowberry,symphoricarpos mexicanus,
glenleven linden,tilia flavescens,
harvest gold mongolian linden,tilia mongolica,
american cranberrybush,viburnum trilobum,
seven-son flower,heptacodium miconioides,
canadian poplar,populus canadensis,
common lime,tilia vulgaris,
cootamunda wattle,acacia baileyana,
australian blackwood,acacia melanoxylon,
african fern pine,afrocarpus gracilior,
monkey puzzle tree,araucaria araucana,
new caledonia pine,araucaria columnaris,
norfolk island pine,araucaria heterophylla,
strawberry,arbutus unedo,
bangalow palm,archontophoenix cunninghamiana,
austin griffiths manzanita,arctostaphylos austin griffiths,
hong kong orchid,bauhinia blakeana,
orchid,bauhinia variegata,
kurrajong,brachychiton populneus,
narrow-leaved bottle tree,brachychiton rupestris,
bottlebrush buckeye,aesculus parviflora,AEPAF
scarlet bottlebrush,callistemon citrinus,
coastal she-oak,casuarina equisetifolia,
blueblossom,ceanothus thyrsiflorus,
atlas cedar,cedrus atlantica,
chinese hackberry,celtis sinensis,
carob tree,ceratonia siliqua,
western redbud,cercis occidentalis,
camphortree,cinnamomum camphora,
mandarin orange,citrus reticulata,
sweet orange,citrus sinensis,
citrus spp.,citrus spp.,
royal poinciana,delonix regia,
japanese blueberry tree,elaeocarpus decipiens,
river red gum,eucalyptus camaldulensis,
sugargum eucalyptus,eucalyptus cladocalyx,
bluegum eucalyptus,eucalyptus globulus,
grey box,eucalyptus microcarpa,
willow peppermint,eucalyptus nicholii,
spinning gum,eucalyptus perriniana,
red box eucalyptus,eucalyptus polyanthemos,
red ironbark,eucalyptus sideroxylon,
manna gum,eucalyptus viminalis,
weeping fig,ficus benjamina,
sacred fig,ficus religiosa,
rusty fig,ficus rubiginosa,
claret ash,fraxinus oxycarpa,
tropical ash,fraxinus uhdei,
australian willow,geijera parviflora,
southern silky oak,grevillea robusta,
toyon,heteromeles arbutifolia,
english holly,ilex aquifolium,
blue jacaranda,jacaranda mimosifolia,
hollywood juniper,juniperus chinensis torulosa,
natchez crape myrtle,lagerstroemia indica x fauriei,
tea tree,leptospermum scoparium,
common privet,ligustrum vulgare,
brush box,lophostemon confertus,
macadamia nut,macadamia integrifolia,
sweet michelia,magnolia doltsopa,
japanese crabapple,malus floribunda,MA2FL
mayten tree,maytenus boaria,
black tea-tree,melaleuca bracteata,
flaxleaf paperbark,melaleuca linariifolia,
broad-leaved paperbark,melaleuca quinquenervia,
mousehole tree,myoporum laetum,
common olive,olea europaea,
american olive,osmanthus americanus,
japanese photinia,photinia glabra,
colorado blue spruce,picea pungens var. glauca,
canary island pine,pinus canariensis,
aleppo pine,pinus halepensis,
tawhiwhi,pittosporum tenuifolium,
australian cheesewood,pittosporum undulatum,
western sycamore,platanus racemosa,
almond,prunus dulcis,
nectarine,prunus persica var. nucipersica,
common guava,psidium guajava,
evergreen pear,pyrus kawakamii,
asian pear,pyrus pyrifolia,
hungarian oak,quercus frainetto,QUFR
african sumac,rhus lancea,
arroyo willow,salix lasiolepis,
scouler's willow,salix scouleriana,
blue elderberry,sambucus neomexicana,
peruvian peppertree,schinus molle,
brazilian pepper tree,schinus terebinthifolius,
showy senna,senna splendida,
potato tree,solanum wrightii,
queen palm,syagrus romanzoffiana,
brush cherry,syzygium australe,
rose apple,syzygium jambos,
magenta lilly pilly,syzygium paniculatum,
water gum,tristaniopsis laurina,
california-laurel,umbellularia californica,
dense longwood,xylosma congestum,
spanish dagger,yucca gloriosa,
common jujube,ziziphus jujuba,
acacia spp.,acacia spp.,
chinese redbud,cercis chinensis,
pink flowering dogwood,cornus florida f. rubra,
honey locust spp.,gleditsia spp.,
golden chain spp.,laburnum spp.,
loebner magnolia,magnolia loebneri,MA3LO
galaxy magnolia,magnolia liliiflora x sprengeri,MA3HGA
arnold crabapple,malus arnoldiana,
radiant crabapple,malus radiant,
carolina poplar,populus caroliniana,
japanese apricot,prunus mume,
darlington oak,quercus darlingtoni,
basket oak,quercus montana,
bamboo leaf oak,quercus myrsinifolia,
japanese stewartia,stewartia pseudocamellia,ST1PS
japanese snowbell,styrax japonicus,STJA
chinese cedar,toona sinensis,
arnold buckeye,aesculus arnoldiana,
prairie torch hybrid buckeye,aesculus bergeson,
green alder,alnus alnobetula,
arnold hawthorn,crataegus arnoldiana,
cerro hawthorn,crataegus erythropoda,
northern treasure ash,fraxinus northern treasure,
goodland apple,malus goodland,
green wall flowering crabapple,malus jefwall,
prairie magic apple,malus jefdale,
kerr crabapple,malus kerr,
norkent apple,malus norkent,
plumleaf crab apple,malus prunifolia,
red sparkle apple,malus red sparkle,
september ruby apple,malus september ruby,
lodgepole pine ,pinus contorta var. latifolia,
assiniboine poplar,populus assiniboine,
sundancer poplar,populus acws151,
crimson passion cherry,prunus fruticosa x cerasus,
canadian dwarf sour cherry,prunus kerrasis,
pembina plum,prunus nigra x salicina,
coast douglas-fir,pseudotsuga menziesii var. glauca,PSME
korean sun pear,pyrus fauriei,PYFA
navigator pear,pyrus durpsn303,
jack oak,quercus jackiana,
sharp-leaf willow,salix acutifolia,
greene mountain ash,sorbus scopulina,
carolina ash,fraxinus caroliniana,
glossy buckthorn,frangula alnus,
japanese alder,alnus japonica,ALJA
japanese hornbeam,carpinus japonica,
oklahoma redbud,cercis reniformis,
two-winged silverbell,halesia diptera,
crape myrtle spp.,lagerstroemia spp.,
japanese barberry,berberis thunbergii,
boxwood spp.,buxus spp.,
american hazelnut,corylus americana,
beaked hazel,corylus cornuta,
umbrella magnolia,magnolia tripetala,MA3TR
alberta white spruce,picea glauca var. albertiana,
japanese white pine,pinus parviflora,
wisteria spp.,wisteria spp.,
pink laburnum,laburnocytidus adamii,
spanish fir,abies pinsapo,
veitch's silver-fir,abies veitchii,
ovens wattle,acacia pravissima,
Red Stripebark Maple,acer capillipes,
vine maple,acer circinatum,
pere david's maple,acer davidii,
fullmoon maple,acer japonicum,
montpellier maple,acer monspessulanum,
laceleaf japanese maple,acer palmatum var. dissectum,
grey-budded snakebark maple,acer rufinerve,
three-flowered maple,acer triflorum,ACTR3
korean snakebark maple,acer tschonoskii,
japanese angelica tree,aralia elata,
whiteleaf manzanita,arctostaphylos manzanita,
box leaf azara,azara microphylla,
downy birch,betula pubescens,
white-barked himalayan birch,betula utilis var. jacquemontii,
butterfly bush,buddleja davidii,
common box,buxus sempervirens,
camellia spp.,camellia spp.,
japanese camellia,camellia japonica,
spanish chestnut,castanea sativa,
chestnut spp.,castanea spp.,
hybrid catalpa,catalpa erubescens,
point reyes ceanothus,ceanothus gloriosus,
ceanothus spp.,ceanothus spp.,
cedar of lebanon,cedrus libani,
chain flowered redbud,cercis racemosa,
judas tree,cercis siliquastrum,
flowering quince,chaenomeles speciosa,
hinoki cypress,chamaecyparis obtusa,CHOB
glorybower spp.,clerodendrum spp.,
tickseed spp.,coreopsis spp.,
tatarian dogwood,cornus alba,
giant dogwood,cornus controversa,
chinese dogwood,cornus kousa var. chinensis,
white wonder flowering dogwood,cornus nuttallii x florida,
perennial spp.,corydalis spp.,
common hazel,corylus avellana,CO2AV
california hazel,corylus cornuta var. californica,
large filbert,corylus maxima,
parney cotoneaster,cotoneaster lacteus,
autumn glory hawthorn,crataegus autumn glory,
black hawthorn ,crataegus douglasii,
chinese fir,cunninghamia lanceolata,
common quince,cydonia oblonga,CYOB
spurge laurel,daphne laureola,
dove tree,davidia involucrata,
date-plum,diospyros lotus,
chilean fire bush,embothrium coccineum,
cider gum,eucalyptus gunnii,
snow gum,eucalyptus pauciflora,
silver-leaved mountain gum,eucalyptus pulverulenta,
wintercreeper euonymus,euonymus fortunei,
japanese euonymus,euonymus japonicus,
flowering ash,fraxinus ornus,FROR
english ivy,hedera helix,
hibiscus spp.,hibiscus spp.,
ocean spray,holodiscus discolor,
hybrid holly,ilex altaclerensis,
japanese holly,ilex crenata,
japanese larch,larix kaempferi,LAKA
garden tree-mallow,lavatera thuringiaca,
oriental sweet gum,liquidambar orientalis,
island ironwood,lyonothamnus floribundus,
butterflies magnolia,magnolia butterflies,MA3HBU
elizabeth magnolia,magnolia elizabeth,MA3HEL
galaxy,magnolia galaxy,
japanese cucumber tree,magnolia obovata,
iolanthe magnolia,magnolia iolanthe,
kobus magnolia,magnolia kobus,MA3KO
vetch's magnolia,magnolia veitchii,
oregon grape,mahonia aquifolium,
adams crabapple,malus adams,
dolgo crabapple,malus dolgo,
hopa flowering crabapple,malus hopa,
sweet crabapple ,malus coronaria,
brandywine crabapple,malus brandywine,
profusion crabapple,malus moerlandsii,
professor sprenger flowering crabapple,malus zumi,
lemoine crabapple,malus purpurea,
robinson crabapple,malus robinson,
sargent crabapple,malus sargentii,MA2SA
sentinel flowering crabapple,malus sentinel,
winter gold crabapple,malus winter gold,
medlar,mespilus germanica,
pacific wax myrtle,myrica californica,
heavenly bamboo,nandina domestica,
antarctic beech,nothofagus antarctica,
rauli,nothofagus procera,
southern beech spp.,nothofagus spp.,
chinese tupelo,nyssa sinensis,
chinese corktree,phellodendron chinense,
delavay teaolive,osmanthus delavayi,
mockorange spp.,philadelphus spp.,
pacific ninebark,physocarpus capitatus,
oriental spruce,picea orientalis,
japanese andromeda,pieris japonica,
montezuma pine,pinus montezumae,
maritime pine,pinus pinaster,
himalayan pine,pinus wallichiana,
accolade flowering cherry,prunus accolade,
spring snow flowering cherry,prunus beni-tamanishiki,
purple-leafed plum,prunus blireiana,
cascade snow flowering cherry,prunus yedoensis x serrulata,
hollyleaf cherry,prunus ilicifolia,
fuji cherry,prunus incisa,
cherry laurel,prunus laurocerasus,
portuguese laurel cherry,prunus lusitanica,
tibetan cherry,prunus serrula,
snow fountains cherry,prunus yedoensis x subhirtella,PRXSNFO
hally jolivette flowering cherry,prunus hally jolivette,PRXHJ
first lady cherry,prunus incam x campanulata,PRXFL
snow goose flowering cherry,prunus speciosa x incisa,PRXSUSN
hybrid cherry,prunus incisa x sargentii,
italian alder,alnus cordata,ALCO
klamath plum,prunus subcordata,
pseudocydonia spp.,pseudocydonia spp.,
caucasian wingnut,pterocarya fraxinifolia,PT1FR
blue sandalwood,pteroceltis tatarinowii,PT2TA
fragrant epaulette,pterostyrax hispidus,PT3HI
firethorn spp.,pyracantha spp.,
willowleaf magnolia,magnolia salicifolia,MA3SA
willowleaf pear,pyrus salicifolia,
moss-cupped oak,quercus cerris,QUCE
bartram oak,quercus heterophylla,
sessile oak,quercus petraea,
netleaf oak,quercus rugosa,
cascara sagrada,rhamnus purshiana,
yeddo hawthorne,rhaphiolepis umbellata,
azalea spp.,rhododendron spp.,
red flowering currant,ribes sanguineum,
idaho locust,robinia ambigua idahoensis,ROXAMID
locust spp.,robinia spp.,
clammy locust,robinia viscosa,
california blackberry,rubus ursinus,
goat willow,salix caprea,
dune willow,salix hookeriana,
dappled willow,salix integra,
pacific willow,salix lucida ssp. lasiandraÂ ,
weeping golden willow,salix sepulcralis,SAWENI
sage spp.,salvia spp.,
red elderberry,sambucus racemosa,
japanese umbrella tree,sciadopitys verticillata,
whitebeam,sorbus aria,
service tree,sorbus domestica,
hybrid service tree,sorbus thuringiaca,
turkestan mountain-ash,sorbus tianschanica,
wilfrid fox,sorbus aria x vestita,
tall stewartia,stewartia monadelpha,
beaked stewartia,stewartia rostrata,
stewartia spp.,stewartia spp.,
fragrant snowbell,styrax obassia,STOB
hiba arborvitae,thujopsis dolabrata,
japanese nutmeg-yew,torreya nucifera,
chenmou elm,ulmus chenmoui,
european white elm,ulmus laevis,
smoothleaf elm,ulmus minor,
patriot elm,ulmus patriot,
japanese snowball,viburnum plicatum,
doublefile viburnum,viburnum plicatum var. tomentosum,
laurustine,viburnum tinus,
yucca spp.,yucca spp.,
chinese prickly ash,zanthoxylum bungeanum,
korean maple,acer pseudosieboldianum,
homestead buckeye,aesculus homestead,
chinese catalpa,catalpa ovata,CAOV2
centurion crabapple,malus centurion,
indian magic crabapple,malus indian magic,
indian summer crabapple,malus indian summer,
red prairie spy apple,malus red prairie spy,
spring bride crabapple,malus spring bride,
starlite crabapple,malus jeflite,
black hills spruce,picea glauca var. densata,
meyer's spruce,picea meyeri,
korean pine,pinus koraiensis,
mongolian oak,quercus mongolica,
cathedral elm,ulmus parvifolia x pumila,
hybrid elm,ulmus japonica x pumila,
yunnan crabapple,malus yunnanensis,
korean fir,abies koreana,
nordmann fir,abies nordmanniana,
pointed-leaf maple,acer argutum,
ivy-leaved maple,acer cissifolium,
henry's maple,acer henryi,
manchurian snakebark maple,acer tegmentosum,
chinese red birch,betula albosinensis,
japanese chestnut,castanea crenata,
manchurian catalpa,catalpa bungei,
harlequin glorybower,clerodendrum trichotomum,
himalayan strawberry tree,cornus capitata,
apanese cornel dogwood,cornus officinalis,
hawthorn,crataegus oxyacantha,
japanese beech,fagus crenata,
japanese walnut,juglans ailantifolia,
castor aralia,kalopanax septemlobus,
scotch laburnum,laburnum alpinum,
sweet gum spp.,liquidambar spp.,
chinese tulip tree,liriodendron chinense,
dawson's magnolia,magnolia dawsoniana,
red lotus tree,magnolia insignis,
wada's memory magnolia,magnolia kewensis,
lily magnolia,magnolia liliiflora,
houpu magnolia,magnolia officinalis,MA3OB
sargent's magnolia,magnolia sargentiana,
oyama magnolia,magnolia sieboldii,
zen magnolia,magnolia zenii,
tea crabapple,malus hupehensis,
kaido crabapple,malus micromalus,
weeping crabapple,malus pendula,
chinese flowering crabapple,malus spectabilis,
broad petal michelia,magnolia cavaleriei var. platypetala,
luiang spruce,picea likiangensis,
double flowering plum,prunus blireana,
italian plum,prunus cocomilia,
apricot plum,prunus simonii,
sweetheart cherry,prunus sweetheart,
chinese wingnut,pterocarya stenoptera,
english white oak,quercus robur x alba,QUXCS
vilmorin's mountain ash,sorbus vilmorinii,
korean stewartia,stewartia koreana,ST1KO
lavalle hawthorn,crataegus lavallei,
bamboo spp.,bambusa spp.,
littleleaf boxwood,buxus microphylla,
cactus spp.,cactaceae spp.,
American bittersweet,celastrus scandens,
indian rosewood,dalbergia sissoo,
autumn olive,elaeagnus umbellata,
grass spp.,poaceae spp.,
witch hazel spp.,hamamelis spp.,
inkberry,ilex glabra,
Myrtle Leaf Holly,ilex myrtifolia,
Japanese Crape Myrtle,lagerstroemia fauriei,
olive spp.,osmanthus spp.,
european hop hornbeam,ostrya carpinifolia,
sweet mockorange,philadelphus coronarius,
hardy orange,poncirus trifoliata,
dwarf sumac,rhus copallinum,
American Bladdernut,staphylea trifolia,
storax spp.,styrax spp.,
chinese chaste tree,vitex negundo,
Adam's needle,yucca filamentosa,
Queen's Crape Myrtle,lagerstroemia speciosa,
Glossy abelia,linnaea grandiflora,
silver wattle,acacia dealbata,
Green Wattle,acacia decurrens,
Sydney golden wattle,acacia longifolia,
pineapple guava,acca sellowiana,
hybrid maple,acer hybrid,
Evergreen Maple,acer paxii,
gru-gru palm,acrocomia totai,
outeniqua yellowwood,afrocarpus falcatus,
Peppermint Willow,agonis flexuosa,
silk spp.,albizia spp.,
Bitter Albizia,albizia amara,
bunya pine,araucaria bidwillii,
Alexandra Palm,archontophoenix alexandrae,
baccharis spp.,baccharis spp.,
Coyote brush,baccharis pilularis,
Brazilian orchid tree,bauhinia forficata,
paper flower spp.,bougainvillea spp.,
Illawarra Flame Tree,brachychiton acerifolius,
blue hesper palm,brahea armata,
San Jose hesper palm,brahea brandegeei,
angel's trumpets,brugmansia versicolor,
peacock flower,caesalpinia pulcherrima,
solitary fishtail palm,caryota urens,
white sapote,casimiroa edulis,
gold medallion tree,cassia leptophylla,
river oak,casuarina cunninghamiana,
drooping she-oak,allocasuarina verticillata,
Silk Floss Tree,ceiba speciosa,
Mediterranean hackberry,celtis australis,
Nepal camphor tree,cinnamomum glanduliferum,
Kumquat,citrus japonica,
cabbage palm,cordyline australis,
lemon-scented gum,corymbia citriodora,
red flowering gum,corymbia ficifolia,
spotted gum,corymbia maculata,
Carrotwood,cupaniopsis anacardioides,
Chinese Weeping Cypress,cupressus funebris,
cycas spp.,cycas spp.,
sago palm,cycas revoluta,
florida hopbush,dodonaea viscosa,
Triangle Palm,dypsis decaryi,
Pride of Madeira,echium candicans,
loquat spp.,eriobotrya spp.,
coral tree spp.,erythrina spp.,
cockspur coral tree,erythrina crista-galli,
mountain immortelle,erythrina poeppigiana,
escallonia spp.,escallonia spp.,
Pink Princess Escallonia,escallonia exoniensis,
meki,escallonia virgata,
argyle apple,eucalyptus cinerea,
narrow-leaved red ironbark,eucalyptus crebra,
White ironbark,eucalyptus leucoxylon,
yellow ironbark,eucalyptus melliodora,
Small Leaved Gum,eucalyptus parvula,
flooded gum,eucalyptus rudis,
Sydney Blue Gum,eucalyptus saligna,
coral gum,eucalyptus torquata,
Surinam cherry,eugenia uniflora,
India rubber plant,ficus elastica,
Moreton Bay Fig,ficus macrophylla,
Malayan Banyan,ficus microcarpa,
Oval Kumquat,fortunella margarita,
Moraine ash,fraxinus holotricha,
New Zealand broadleaf,griselinia littoralis,
Pin-cushion Hakea,hakea laurina,
Sweet Hakea,hakea suaveolens,
heliconia spp.,heliconia spp.,
hesperocyparis spp.,hesperocyparis spp.,
Native frangipani,hymenosporum flavum,
Norfolk Island hibiscus,lagunaria patersonii,
Saratoga Bay Laurel,laurus saratoga,
tea tree spp.,leptospermum spp.,
Australian tea tree,leptospermum laevigatum,
River tamarind,leucaena leucocephala,
Chinese Fan Palm,livistona chinensis,
blue potato bush,lycianthes rantonnetii,
champak,magnolia champaca,
Fremont's Mahonia,mahonia fremontii,
melaleuca spp.,melaleuca spp.,
New Zealand Christmas tree,metrosideros excelsa,
Orange Jasmine,murraya paniculata,
banana spp.,musa spp.,
common myrtle,myrtus communis,
nandina spp.,nandina spp.,
Date Palm,phoenix dactylifera,
Senegal Date Palm,phoenix reclinata,
Miniature Date Palm,phoenix roebelenii,
phormium spp.,phormium spp.,
New Zealand flax,phormium tenax,
turkish pine,pinus brutia,
dwarf Siberian pine,pinus pumila,
pistachio,pistacia vera,
Ebony Blackbead,pithecellobium flexicaule,
pittosporum spp.,pittosporum spp.,
karo,pittosporum crassifolium,
lemonwood,pittosporum eugenioides,
Cape Leadwort,plumbago auriculata,
Drooping-leaf Yellowwood,podocarpus henkelii,
podocarpus spp.,podocarpus spp.,
silverthorn,elaeagnus pungens,
Catalina Cherry,prunus lyonii,
Beach plum,prunus maritima,
psidium spp.,psidium spp.,
China Doll Plant,radermachera sinica,
Italian buckthorn,rhamnus alaternus,
Coffeeberry,rhamnus californica,
castor bean,ricinus communis,
Mexican Elderberry,sambucus mexicana,
Soap-bark Tree,quillaja saponaria,
potato bush,solanum ellipticum,
wild banana,strelitzia nicolai,
crane flower,strelitzia reginae,
Cape honeysuckle,tecomaria capensis,
Princess Flower,tibouchina urvilleana,
tipu tree,tipuana tipu,
star jasmine,trachelospermum jasminoides,
Sweet Viburnum,viburnum odoratissimum,
spineless yucca,yucca elephantipes,
Purple Robe Locust,robinia pseudoacacia x ambigua,
japanese fir,abies firma,
Nikko fir,abies homolepis,
devil maple,acer diabolicum,
Manchurian maple,acer mandshuricum,
Painted Buckeye,aesculus neglecta,
buttonbush,cephalanthus occidentalis,
japanese raisin tree,hovenia dulcis,
Iigiri Tree,idesia polycarpa,
Sprenger's magnolia,magnolia sprengeri,
southern crabapple,malus angustifolia,
Cavendish banana,musa acuminata,
holly olive,osmanthus heterophyllus,
Taiwanese photinia,photinia serrulata,
Balkan Pine,pinus peuce,
Taiwan Cherry,prunus campanulata,
golden larch,pseudolarix amabilis,
Dwarf Chestnut Oak,quercus prinoides,
sapphire berry,symplocos paniculata,
Nootka cypress,xanthocyparis nootkatensis,
Japanese Pepper,zanthoxylum piperitum,
caragana spp.,caragana spp.,
parsley hawthorn,crataegus marshallii,
corkwood,leitneria floridana,
Chickasaw plum,prunus angustifolia,
Hybrid Monkey Hand Tree,chiranthomontodendron lenzii,
Flowering Maple,abutilon hybridum,
river wattle,acacia cognata,
coastal wattle,acacia cyclops,
Flinders Range wattle,acacia iteaphylla,
Hairy Wattle,acacia vestita,
Plume albizia,Paraserianthes lophantha,
tree aloe,aloe barberae,
angophora spp.,angophora spp.,
Myola Palm,archontophoenix myolensis,
Diamond-leaf pittosporum,auranticarpa rhombifolia,
coast banksia,banksia integrifolia,
ponytail palm,beaucarnea recurvata,
Pink Flame Tree,brachychiton discolor,
angel's trumpets spp.,brugmansia spp.,
Purple Bottlebrush,callistemon jeffers,
white bottlebrush,callistemon salignus,
Himalayan Fish Tail Palm,caryota maxima,
golden wonder tree,senna spectabilis,
Ray Hartman Ceanothus,ceanothus arboreus x griseus,
Brazilian Cedarwood,cedrela fissilis,
mountain mahogany,cercocarpus betuloides,
Monkey's Hand Tree,chiranthodendron pentadactylon,
Meyer lemon,citrus meyeri,
key lime,citrus aurantifolia,
Thai lime,citrus hystrix,
marri,corymbia calophylla,
New Zealand Laurel,corynocarpus laevigatus,
Lily of the Valley,crinodendron patagua,
Common Cabbage Tree,cussonia spicata,
Soft Tree Fern,dicksonia antarctica,
dragon tree,dracaena draco,
Cabada palm,dypsis cabadae,
African Coral Tree,erythrina caffra,
White Escallonia,escallonia bifida,
woollybutt,eucalyptus longifolia,
Coolibah,eucalyptus microtheca,
peppermint box,eucalyptus odorata,
swamp-mahogany,eucalyptus robusta,
candelabra tree,euphorbia ingens,
Camden Woollybutt,eucalyptus macarthurii,
bushy yate,eucalyptus lehmannii,
retuse fig,ficus retusa,
Flannelbush spp.,fremontodendron spp.,
Coast silk-tassel,Garrya elliptica,
red toothbrushes,Grevillea hookeriana,
silk oak spp.,grevillea spp.,
akapuka,griselinia lucida,
kentia palm,howea forsteriana,
Chilean Wine Palm,jubaea chilensis,
Lemon Tea Tree,leptospermum petersonii,
Yellow Conebush,leucadendron strobolinum x laureolum,
Silver Tree,leucadendron argenteum,
California privet,ligustrum ovalifolium,
Santa Cruz Island Ironwood,lyonothamnus floribundus ssp. aspleniifolius,
Queensland Nut,macadamia tetraphylla,
White Champaca,magnolia alba,
mango,mangifera indica,
swamp paperbark,melaleuca ericifolia,
Showy Honey Myrtle,melaleuca nesophila,
Prickly Paperbark,melaleuca styphelioides,
puka,meryta sinclairii,
Northern rata,metrosideros robusta,
metrosideros spp.,metrosideros spp.,
moringa,moringa oleifera,
empress tree,paulownia fortunei,
canary avocado,persea indica,
cliff date palm,phoenix rupicola,
phoenix spp.,phoenix spp.,
houpara,pseudopanax lessonii,
Santa Cruz Firethorn,pyracantha koidzumii,
Island Oak,quercus tomentella,
Norfolk Island palm,rhopalostylis baueri,
Nikau palm,rhopalostylis sapida,
schefflera spp.,schefflera spp.,
Hardee peppertree,schinus polygamus,
Firewheel Tree,stenocarpus sinuatus,
yellow bells,tecoma stans,
New Zealand Chaste Tree,vitex lucens,
Foxtail Palm,wodyetia bifurcata,
earleaf acacia,acacia auriculiformis,
Pearl Acacia,acacia podalyriifolia,
Lilly Pilly,syzygium smithii,
Breede River Yellowwood,podocarpus elongatus,
Queensland kauri,agathis robusta,
smooth-barked apple,angophora costata,
sinaloa hesper palm,brahea aculeata,
pindo palm,butia odorata,
bird-of-paradise,caesalpinia gilliesii,
bottlebrush spp.,callistemon spp.,
Cape chestnut,calodendrum capense,
Hindu Laurel,cocculus laurifolius,
ghost gum,corymbia papuana,
smooth Arizona cypress,cupressus glabra,
Bidwill's hybrid coral bean,erythrina bidwillii,
flame coral tree,erythrina coralloides,
cabbage gum,eucalyptus amplifolia,
yate,eucalyptus cornuta,
Mindanao gum,eucalyptus deglupta,
karri,eucalyptus diversicolor,
rose gum,eucalyptus grandis,
Cherry of the Rio Grande,eugenia aggregata,
fiddle-leaf fig,ficus lyrata,
cercidium spp.,cercidium spp.,
golden Trumpet Tree,handroanthus chrysotrichus,
Pink Trumpet Tree,handroanthus heptaphyllus,
wild plum,harpephyllum caffrum,
belmore sentry palm,howea belmoreana,
Gympie Nut,macadamia ternifolia,
Bracelet Honey Myrtle,melaleuca armillaris,
Crimson Bottlebrush,melaleuca citrina,
white feather honeymyrtle,melaleuca decora,
desert museum palo verde,parkinsonia desert museum,
persea spp.,persea spp.,
chir pine,pinus roxburghii,
honey mesquite,prosopis glandulosa,
Majesty palm,ravenea rivularis,
laurel sumac,malosma laurina,
Florida Royal Palm,roystonea regia,
Australian umbrella tree,schefflera actinophylla,
Yellow Trumpet Tree,Tabebuia umbellata,
Filibusta Fan Palm,washingtonia filifera x robusta,
Common Silver Fir,abies alba,
Balkan maple,acer heldreichii,
Chinese horse chestnut,aesculus chinensis,
aralia spp.,aralia spp.,
arbutus spp.,arbutus spp.,
callicarpa spp.,callicarpa spp.,
chionanthus spp.,chionanthus spp.,
Golden chinquapin,chrysolepis chrysophylla,
evergreen dogwood,cornus omeiense,
daphniphyllum,daphniphyllum macropodum,
diospyros spp.,diospyros spp.,
elaeagnus spp.,elaeagnus spp.,
eucryphia spp.,eucryphia spp.,
euptelea,euptelea pleiosperma,
Lusterleaf Holly,ilex latifolia,
Chinese Anise Tree,illicium henryi,
Japanese bay tree,machilus thunbergii,
Ashe Magnolia,magnolia ashei,
Campbell's magnolia,magnolia campbellii,
Chinese evergreen magnolia,magnolia delavayi,
Yellow Lily Tree,magnolia ernestii,
Martin's magnolia,magnolia martini,
smiling monkey forest tree,magnolia maudiae,
false ginseng,metapanax delavayi,
tupelo spp.,nyssa spp.,
fragrant olive,osmanthus fragrans,
hophornbeam spp.,ostrya spp.,
phellodendron spp.,phellodendron spp.,
phoebe,phoebe chekiangensis,
Brewer Spruce,picea breweriana,
Morinda spruce,picea smithiana,
kwangtung pine,pinus fenzeliana,
Hartweg's pine,pinus hartwegii,
wingnut spp.,pterocarya spp.,
japanese emperor oak,quercus dentata,
ring-cupped oak,quercus glauca,
mu gua hong,rehderodendron macrocarpum,
schima,schima superba,
Wheel Tree,trochodendron aralioides,
northern Japanese hemlock,tsuga diversifolia,
Tubeflower Viburnum,viburnum cylindricum,
vitex spp.,vitex spp.,
zanthoxylum spp.,zanthoxylum spp.,
star power juniper,juniperus j.n. select blue,
simon poplar,populus simonii,
dwarf apple,angophora hispida,
Coolabah apple,angophora melanoxylon,
neem tree,azadirachta indica,
eastern baccharis,baccharis halimifolia,
white orchid,bauhinia variegata var. candida,
to-tsubaki,camellia reticulata,
happy tree,camptotheca acuminata,
papaya pawpaw,carica papaya,
night-blooming jasmine,cestrum nocturnum,
pummelo,citrus maxima,
silky dogwood,cornus amomum,
Canary broom,genista canariensis,
dragon's eye,dimocarpus longan,
giant dioon,dioon spinulosum,
golden dewdrop,duranta erecta,
heart-leaved silver gum,eucalyptus cordata,
Lavender Trumpet Tree,handroanthus impetiginosus,
topal holly,ilex attenuata,
Holly Dahoon,ilex cassine,
Nellie R. Stevens Holly,ilex aquifolium x cornuta,
Weeping Cabbage Palm,livistona decora,
Carnarvon Gorge Cabbage Palm,livistona nitida,
Chinese fringe flower,loropetalum chinense,
banana magnolia,magnolia figo,
mimosa spp.,mimosa spp.,
curry leaf,murraya koenigii,
wild date palm,phoenix sylvestris,
Red Frangipani,plumeria rubra,
Compton Oak Hybrid,quercus comptoniae,
myrtle oak,quercus myrtifolia,
ravenea spp.,ravenea spp.,
southern Indica Hybrid Azalea,rhododendron indicum,
Bermuda palmetto,sabal bermudana,
dwarf palmetto,sabal minor,
winter cassia,senna bicapsularis,
Glossy shower,senna surattensis,
Purple Sesbane,sesbania punicea,
Japanese Ternstroemia,ternstroemia japonica,
Tung Nut,vernicia fordii,
Japanese viburnum,viburnum japonicum,
small-leaf viburnum,viburnum obovatum,
European cranberry bush,viburnum opulus,
Simpleleaf Chastetree,vitex trifolia,
Chinese wisteria,wisteria sinensis,
Sabal Palm,sabal palmetto,
Siberian Fir,abies sibirica,
hybrid chestnut,aesculus hybrida,
Indian horsechestnut,aesculus indica,
katsura spp.,cercidiphyllum spp.,
cladrastis spp.,cladrastis spp.,
Bunge ash,Fraxinus bungeana,
taper-tip ash,fraxinus longicuspis,
pallis ash,fraxinus pallisiae,
Siebold Ash,fraxinus sieboldiana,
Tianshan ash,fraxinus sogdiana,
ginkgo spp.,ginkgo spp.,
coffeetree spp.,gymnocladus spp.,
royal frost birch,betula penci-2,
Chinese ash,fraxinus chinensis,
liriodendron spp.,liriodendron spp.,
maackia spp.,maackia spp.,
daybreak magnolia,magnolia daybreak,
fraser magnolia,magnolia fraseri,
sunburst magnolia,magnolia sunburst,
yellow bird magnolia,magnolia yellow bird,
almey flowering crabapple,malus almey,
battleford apple,malus battleford,
dreamweaver crabapple,malus dreamweaver,
Emerald Spire Crabapple,malus jefgreen,
Purple Spire Crabapple,malus jefspire,
kelsey crabapple,malus kelsey,
liberty crabapple,malus liberty,
makamik crabapple,malus makamik,
maybride crabapple,malus maybride,
maypole crabapple,malus maypole,
purple gem crabapple,malus purple gem,
purple wave crabapple,malus purple wave,
red jade flowering crabapple,malus scheideckeri,
Cherry Crabapple,malus robusta,
Rosseau Crabapple,malus rosseau,
royal splendor flowering crabapple,malus royal splendor,
royalty crabapple,malus royalty,
Rudolph Crabapple,malus rudolph,
selkirk crabapple,malus selkirk,
snowcloud crabapple,malus snowcloud,
strathmore crabapple,malus strathmore,
thunderchild crabapple,malus thunderchild,
white splendor crabapple,malus white splendor,
thunder bay crabapple,malus thunder bay,
Rocky mountain ponderosa pine,pinus ponderosa var. scopulorum,
compass cherry plum,prunus compass,
pseudostuga spp.,pseudotsuga spp.,
atwood oak,quercus robur x macrocarpa,
Kindred Spirit oak,quercus nadler,
Prairie Cascade weeping willow,salix prairie cascade,
hybrid crack willow,salix rubens,
Preston Lilac,syringa prestoniae,
Cathedral Elm,ulmus cathedral,
Danada Charm elm,ulmus morton red tip,